{
  "items": [
    {
      "sys": { "id": "1" },
      "fields": {
        "title": "Adderall",
        "price": "Free",
        "image": { "fields": { "file": { "url": "./img/adderall.jpg" } } }
      }
    },
    {
      "sys": { "id": "2" },
      "fields": {
        "title": "Benzonatate",
        "price": "Free",
        "image": { "fields": { "file": { "url": "./img/benzonatate.jpg" } } }
      }
    },
    {
      "sys": { "id": "3" },
      "fields": {
        "title": "Mallinckrodt",
        "price": "Free",
        "image": { "fields": { "file": { "url": "./img/mallinckrodt.jpg" } } }
      }
    },
    {
      "sys": { "id": "4" },
      "fields": {
        "title": "Cefix",
        "price": "Free",
        "image": { "fields": { "file": { "url": "./img/cefix.jpg" } } }
      }
    },
    {
      "sys": { "id": "5" },
      "fields": {
        "title": "Dicloliv",
        "price": "Free",
        "image": { "fields": { "file": { "url": "./img/dicloliv.jpg" } } }
      }
    },
    {
      "sys": { "id": "6" },
      "fields": {
        "title": "Tarceva",
        "price": "Free",
        "image": { "fields": { "file": { "url": "./img/tarceva.jpg" } } }
      }
    },
    {
      "sys": { "id": "7" },
      "fields": {
        "title": "Dificid",
        "price": "Free",
        "image": { "fields": { "file": { "url": "./img/dificid.png" } } }
      }
    },
    {
      "sys": { "id": "8" },
      "fields": {
        "title": "Leecort",
        "price": "Free",
        "image": { "fields": { "file": { "url": "./img/leecort.jpg" } } }
      }
    },
    {
      "sys": { "id": "9" },
      "fields": {
        "title": "Hodpro",
        "price": "Free",
        "image": { "fields": { "file": { "url": "./img/hodpro.jpg" } } }
      }
    }
  ]
}